vol_id	part_id	chapter_id	absolute_id	text	type
1	1	1	1	Петербург. Великосветский вечер у фрейлины Анны Павловны Шерер. Хозяйка и чиновный князь Василий Курагин. Разговор о Наполеоне. Проект Анны Павловны женить сына князя Василия — Анатоля на богатой княжне Марье Болконской	Мир
1	1	2	2	Гости Шерер. Дочь князя Василия красавица Элен, его сын Ипполит. Маленькая княгиня Лиза Болконская. Эмигрант — француз виконт Мортемар, аббат Морио. Обряд приветствования тетушки хозяйки. Появление на вечере Пьера Безухова.	Мир
1	1	3	3	Разговор о казни Наполеоном герцога Энгиенского. Рассказ виконта о встрече герцога с Бонапарте у актрисы Жорж. Беседа Пьера Безухова с аббатом о политическом равновесии. Появление в гостиной князя Андрея Болконского. Его встреча с Пьером. Отъезд князя Василия с дочерью Элен на вечер английского посланника	Мир
1	1	4	4	Княгиня Анна Михайловна Друбецкая просит князя Василия похлопотать перед царем о переводе ее сына Бориса в гвардию. В гостиной разговор и спор о Наполеоне. Защита Пьером революции и Наполеона и нападки на него зa это гостей Анны Павловны. Поддержка Пьера князем Андреем. Князь Ипполит рассказывает «по-русски» анекдот о скупой московской барыне.	Мир
1	1	5	5	Характеристика Пьера Безухова. Разъезд гостей Анны Павловны. Проводы Ипполитом Курагиным княгини Болконской. Приезд Пьера в дом Болконских. Разговор между Пьером и князем Андреем о выборе Пьером карьеры.	Мир
1	1	6	6	Пьер у Болконских. Семейная сцена между маленькой княгиней и князем Андреем по поводу его отъезда на войну. Ужин Пьера Безухова с князем Андреем. Рассуждения Андрея Болконского о себе, о женитьбе и женщинах. Пьер Безухов едет на ночной кутеж к Анатолю Курагину. Долохов и его пари с англичанином Стивенсом.	Мир
1	1	7	7	Москва. Княгиня Анна Михайловна Друбецкая в доме у Ростовых. Граф и графиня Ростовы. Прием поздравительных визитов по случаю именин у Ростовых двух Наталий — матери и дочери. Визит матери и дочери Карагиных. Разговор о главной городской новости — болезни старого графа Безухова, о его незаконном сыне Пьере, высланном из Петербурга за буйство и о судьбе огромного наследства, которое останется после смерти старика Безухова.	Мир
1	1	8	8	Молодежь дома Ростовых: Наташа, Николай, Петя, Соня и Борис Друбецкой в гостиной. История куклы Мими.	Мир
1	1	9	9	В гостиной. Племянница графа Соня. Paзговор графа с гостьей о поступлении Николая на военную службу и графини о воспитании. Николай и Соня. Вера Ростова.	Мир
1	1	10	10	Наташа Ростова прячется в цветочной. Сцена ревности и поцелуй Николая и Сони. Наташа вызывает Бориса в цветочную. Ее предложение Борису поцеловать куклу. Наташа целует Бориса. Разговор между ними о любви.	Мир
1	1	11	11	Влюбленные пары в диванной: Соня с Николаем и Наташа с Борисом. Их ссора с Верой. Разговор двух подруг детства: графиня Ростова жалуется на расстройство состояния, княгиня Анна Михайловна Друбецкая рассказывает об устройстве своего сына в гвардию, и жалуется на свои дурные денежные обстоятельства — ей не на что обмундировать Бориса. Ее надежды на наследство графа Безухова.	Мир
1	1	12	12	Анна Михайловна Друбецкая с сыном Борисом едут навестить больного графа Безухова. Их встреча там с князем Василием Курагиным. Анна Михайловна решает ходить за больным.	Мир
1	1	13	13	Пьер Безухов в Москве в доме у своего отца. Его приезд и встреча с княжнами после высылки из Петербурга. Приход к Пьеру в комнату Бориса Друбецкого, разговор и объяснение между ними. Возвращение матери и сына Друбецких к Ростовым. Их разговор о завещании графа Безухова.	Мир
1	1	14	14	Графиня Ростова просит у мужа 500 рублей и по возвращении Анны Михайловны отдает их ей на обмундировку Бориса. Слезы обеих.	Мир
1	1	15	15	У Ростовых перед именинным обедом. Ожидание крестной Наташи Марьи Дмитриевны Ахросимовой. Разговор Шиншина с Бергом в кабинете графа. Пьер Безухов в гостиной у Ростовых. Приезд Ахросимовой. Гости идут к столу. Обед.	Мир
1	1	16	16	Разговор за обедом о манифесте и о войне с Бонапартом. Гусарский полковник. Реплика Николая Ростова. Шалость Наташи.	Мир
1	1	17	17	Пение молодежи. Слезы Сони по поводу ее любви к Николаю и его стихов, написанных ей. Ее объяснение с Наташей. Наташа, Борис, Соня и Николай поют «Ключ». Танцы. Граф Илья Андреевич Ростов с Марьей Дмитриевной Ахросимовой танцуют «Данилу Купора».	Мир
1	1	18	18	В доме графа Безухова. Приготовление к соборованию. Разговоры присутствующих. Доктор Лоррен. Тайные сговоры князя Василия с княжной Катишь о скрытии завещания графа.	Мир
1	1	19	19	Возвращение Пьера Безухова домой вместе с Анной Михайловной Друбецкой. Пьер в приемной комнате умирающего отца, пожелавшего его видеть. Обращение с ним присутствующих.	Мир
1	1	20	20	Пьер у больного отца. Граф Безухов. Соборование. Присутствующие: княжны, Друбецкая, князь Василий, духовенство, доктора, прислуга и др. Старшая княжна уносит завещание.	Мир
1	1	21	21	Князь Василий Курагин и княжна Катишь, Пьер и Анна Михайловна. Спор и борьба из-за портфеля с завещанием. Смерть Безухова.	Мир
1	1	22	22	Имение Болконских Лысые Горы. Старый князь Николай Андреевич Болконский. Его дочь княжна Марья. Урок геометрии. Письмо Жюли Карагиной и ответ княжны Марьи.	Мир
1	1	23	23	Приезд в Лысые Горы князя Андрея Болконского с женой. Их встреча с княжной Марьей и ее компаньонкой француженкой Бурьен. Встреча старого князя с сыном и их разговор о войне и политике.	Мир
1	1	24	24	Обед в Лысых Горах. Спор старого князя с сыном о Суворове и Бонапарте. Архитектор Михаил Иваныч.	Мир
1	1	25	25	Сборы князя Андрея к отъезду в армию. Его прощальная беседа с сестрой. Княжна Марья благословляет брата образом. Прощание князя Андрея с отцом, женой и сестрой. Отъезд.	Мир
1	2	1	26	Русские войска в октябре 1805 г. в Австрии у Браунау. Один из пехотных полков готовится к смотру главнокомандующего. Распоряжения полкового командира о переодевании солдат полка. Генерал распекает капитана Тимохина за синюю шинель на разжалованном Долохове. Генерал приказывает Долохову переодеться.	Мир
1	2	2	27	Смотр Кутузовым полка. Остановка главнокомандующего у третьей роты и разговор с Тимохиным. Вызов Кутузовым Долохова. Радость генерала после счастливо отбытого смотра. Его разговор с Тимохиным. Солдатские толки после смотра. Песенники. Разговор Жеркова с Долоховым.	Мир
1	2	3	28	Разговор Кутузова с австрийским генералом, членом австрийского гофкригсрата. Князь Андрей Болконский в штабе Кутузова. Появление в штабе главнокомандующего генерала Мака. Жерков поздравляет австрийских генералов Штрауха и члена гофкригсрата с приездом Мака.	Мир
1	2	4	29	Николай Ростов, юнкер Павлоградского гусарского полка, во время стоянки его эскадрона у Браунау, возвращается с фуражировки. Эпизод с немцем. Возвращение домой проигравшегося в карты Денисова. Приход офицера Телянина. Денисов пишет письмо «ей». Приход за деньгами вахмистра и обнаружение пропажи у Денисова кошелька с деньгами. Ростов уличает Телянина в краже кошелька.	Мир
1	2	5	30	Оживленный разговор офицеров эскадрона Денисова об истории с Теляниным, вызвавшей ссору Николая Ростова с полковым командиром. Приезд Жеркова с сообщением о поражении Мака и о походе.	Мир
1	2	6	31	Отступление русских войск к Вене. Переход реки Энса. Несвицкий угощает офицеров. Генерал, начальник ариергарда, посылает Несвицкого с повторным приказом гусарам последними перейти и зажечь мост.	Мир
1	2	7	32	Переход последними русскими войсками моста через Энс. Давка на мосту. Толки проходящих солдат. Немецкий форшпан с женщинами и коровой, возбуждающий всеобщее внимание. Несвицкий встречается на мосту с Васькой Денисовым. Переход на противоположную сторону эскадрона Денисова.	Мир
1	2	8	33	Приближение к мосту французских войск. Артиллерийская стрельба французов по гусарам. Денисов у своего эскадрона. Переход эскадрона через мост к своим войскам. Жерков, а затем свитский офицер и Несвицкий привозят полковнику Павлоградского полка приказание от начальника ариергарда остановиться и зажечь мост. Приказ полковника эскадрону Денисова вернуться и зажечь мост. Гусары под картечным обстрелом французов зажигают мост. Переживания Николая Ростова во время зажжения моста.	Мир
1	2	9	34	Отступление армии Кутузова вниз по Дунаю. Победа русских в сражении у Кремса. Главнокомандующий посылает князя Андрея к австрийскому двору с известием о победе. Князь Андрей в дороге и в Брюнне. Равнодушный прием его военным министром и перемена в настроении Болконского.	Мир
1	2	10	35	Князь Андрей останавливается в Брюнне у своего знакомого дипломата Билибина. Характеристика Билибина. Разговор Болконского с Билибиным о сдаче французам Вены, о кремском сражении, о союзе с Пруссией, измене Австрии и новом торжестве Бонапарта.	Мир
1	2	11	36	Князь Андрей у Билибина в кружке молодых русских дипломатов. Билибин «угощает» Болконского Ипполитом Курагиным. Князь Андрей едет во дворец.	Мир
1	2	12	37	Князь Андрей на приеме у австрийского императора Франца. Награждение Болконского орденом Марии-Терезии. Общий интерес и внимание к нему придворных. Возвращение князя Андрея к Билибину. Рассказ Билибина о взятии французскими маршалами Венского моста. Князь Андрей решает немедленно возвратиться в армию.	Война
1	2	13	38	Князь Андрей среди отступающих русских войск. Вид поспешно и беспорядочно отступающей армии. Столкновение Болконского с обозным офицером из-за повозки с лекарской женой. Тревога и беспокойство в штабе главнокомандующего. Кутузов посылает Багратиона с отрядом задержать наступление французов.	Война
1	2	14	39	Известие, полученное Кутузовым о безвыходности положения русской армии, преследуемой огромными силами французов. Кутузов посылает четырехтысячный авангард Багратиона к Голабруну задержать неприятельскую армию. Мюрат, принявший отряд Багратиона за всю русскую армию, предлагает русским перемирие. Письмо Наполеона Мюрату о разрыве перемирия.	Война
1	2	15	40	Князь Андрей в отряде Багратиона. Болконский с дежурным офицером отряда объезжает позицию. Сцена в палатке маркитанта и капитан Тушин. Вид русских войск. Сцена телесного наказания солдата во взводе гренадер. В передней линии. Спор Долохова с французским гренадером. Разговор солдата Сидорова «по французски» и хохот русских солдат и французов.	Война
1	2	16	41	Князь Андрей с батареи Тушина обозревает и зарисовывает план расположения русских войск и неприятеля. Невольно Болконский подслушивает разговор офицеров в балагане о страхе смерти. Первый выстрел французов. Появление из балагана Тушина.	Война
1	2	17	42	Начало Шенграбенского сражения. Князь Андрей скачет в Грунт и присоединяется к свите Багратиона. Аудитор и Жерков. Багратион на батарее Тушина. Распоряжения и приказания Багратиона начальникам и его роль в сражении.	Война
1	2	18	43	Багратион на правом фланге своего отряда. Близость сражения. Раненые. Старичок полковой командир докладывает Багратиону об отражении конной атаки французов и потерях, и упрашивает Багратиона не подвергаться опасности. Вид идущей французской колонны и двух русских батальонов. Багратион ведет русских в атаку. Мнение Тьера и Наполеона об этой атаке.	Война
1	2	19	44	Отступление правого фланга русских войск. Жерков едет с приказанием Багратиона к генералу левого фланга об отступлении. Вражда двух начальников левого фланга: полкового командира пехотного полка, представлявшегося Кутузову у Браунау, и командира Павлоградского гусарского полка. Турнир храбрости генерала и полковника. Атака эскадрона Денисова. Николай Ростов во время атаки. Рана Ростова.	Война
1	2	20	45	Пехотные полки, застигнутые врасплох в лесу французами. Полковой командир полка, представлявшегося Кутузову у Браунау, пытается остановить бегущих солдат. Атака роты Тимохина. Русские на мгновение оттесняют французов. Геройство Долохова. Действия забытой батареи Тушина. Веселое оживление артиллеристов вследствие удачной стрельбы и отражения атак французов. Свой фантастический мир в голове Тушина. Приезд на батарею штаб-офицера с приказом немедленно отступать и поспешный его отъезд. Приезд с тем же приказанием князя Андрея.	Война
1	2	21	46	Отступление батареи Тушина и встреча его начальством и адъютантами. Тушин сажает на орудие контуженного Николая Ростова. Наступление ночи. Остановка войск. Тушин и Ростов у костра. Тушина требуют к генералу. Багратион в избе за обедом. Командир пехотного полка рассказывает об атаке своего полка и геройстве разжалованного Долохова. Жерков рассказывает об атаке павлоградцев. Появление Тушина. Его смущение при виде начальства. Багратион спрашивает Тушина об оставлении орудия. Вмешательство князя Андрея и защита им Тушина. Раненый Николай Ростов ночью у костра.	Война
1	3	1	47	Намерение князя Василия женить Пьера Безухова на своей дочери. Пьер в Петербурге в доме Курагиных. Изменившееся отношение к Пьеру родственников, знакомых и общества, после того как он стал богачом и графом Безуховым. Князь Василий в роли руководителя Пьера. Пьер Безухов на вечере у Анны Павловны Шерер. Элен и Пьер в уголке с тетушкой хозяйки. Пьер решает, что Элен должна быть его женою.	Война
1	3	2	48	Пьер, решивший уехать и избегать Элен, полтора месяца живет в доме Курагиных и все больше и больше в глазах людей связывает себя с нею. Вечер у князя Василия в день именин Элен. Анекдот князя Василия о Сергее Кузьмиче. Пьер и Элен. Их уединение в маленькой гостиной. Нерешительность Пьера. Князь Василий благословляет жениха и невесту. Женитьба Пьера на Элен.	Война
1	3	3	49	Получение старым князем Николаем Андреевичем Болконским известия о приезде в Лысые горы князя Василия с сыном. Особенное недовольство и раздражение старого князя в день приезда Курагиных. Старый князь раздражается на управляющего Алпатыча за разметанный снег на пришпекте и велит закидать дорогу. Обед. Жизнь маленькой княгини в Лысых Горах под постоянным чувством страха и антипатии к свекру. Невыход ее к обеду. Посещение ее князем на ее половине. Приезд гостей. Разговор князя Василия с сыном перед выходом к хозяевам. Хлопоты маленькой княгини и мадмуазель Бурьен получше одеть и причесать княжну Марью. Настроение княжны Марьи перед выходом к гостям.	Война
1	3	4	50	Выход княжны Марьи к гостям. Анатоль. Общий разговор — «воспоминания о никогда не бывших происшествиях». Интерес Анатоля к Бурьен. Одевание старого князя и его думы о неразрешенном вопросе замужества княжны Марьи. Выход старого князя к гостям. Его выговор дочери зa наряд и новую прическу. Разговор старого князя с Анатолем. Князь Василий наедине объявляет старому князю о своем желании и надеждах. Взволнованность всех трех женщин в связи с появлением Анатоля. Мечты княжны Марьи и француженки Бурьен. В диванной. Княжна Марья за клавикордами. Ухаживанье Анатоля за Бурьен.	Мир
1	3	5	51	Настроение княжны Марьи, мадмуазель Бурьен и маленькой княгини после вечера. Настроение старого князя после сделанного ему предложения выдать княжну Марью замуж за Анатоля. Свидание Анатоля и мадмуазель Бурьен в зимнем саду. Разговор старого князя с дочерью о предложении. Княжна Марья, проходя через зимний сад, наталкивается на Анатоля, обнимающего француженку. Ее решительный отказ князю Василью. Радость старого князя. Мечты княжны Марьи о самопожертвовании: она решает во что бы то ни стало устроить брак Анатоля с Бурьен.	ВойнаМир
1	3	6	52	Получение Ростовыми письма от Николушки с известием о ране и производстве в офицеры. Радость старого графа. Анна Михайловна подготовляет к известию графиню. Наташа угадывает новость и, узнав содержание письма, сообщает о нем Соне. Суждение Пети о брате и о сестрах. Разговоры Наташи с Соней о Николеньке. Анна Михайловна передает графине письмо сына. Чтение графиней письма Николая и писание ему ответных писем от всего дома.	Война
1	3	7	53	Ольмюцкий лагерь. Поездка Николая Ростова к Борису Друбецкому в гвардейский лагерь за получением денег и писем, присланных из дому. Встреча Николая с Борисом и Бергом. Чтение Ростовым писем домашних. Разговор Бориса и Николая об адъютантской службе. Рассказ гвардейцев о походе гвардии и рассказ Ростова об атаке павлоградцев. Посещение Друбецкого князем Андреем Болконским. Столкновение Ростова с Болконским.	Война
1	3	8	54	Смотр русских и австрийских войск двумя императорами, Александром I и Францем. Чувство любви и обожания Николая Ростова к государю.	Война
1	3	9	55	Поездка Бориса Друбецкого в Ольмюц к Болконскому для своего устройства в адъютанты к важному лицу. Сцена в приемной главнокомандующего — разговор князя Андрея с старым русским генералом. Решение Бориса впредь служить только по неписанной субординации. Посещение Болконским и Борисом князя Долгорукова. Рассказ Долгорукова о заседании военного совета и победе партии молодых, сторонников наступления, о письме Наполеона, и анекдота о Наполеоне и графе Маркòве. Князь Андрей просит Долгорукова о Борисе. Волнение Друбецкого от близости к высшей власти.	Война
1	3	10	56	Эскадрон Денисова, в котором служит Николай Ростов, в резерве. Победа русских над французами в сражении у Вишау. Огорчение Ростова по поводу неучастия в деле. Ростов покупает у казаков лошадь взятого в плен французского драгуна. Проезд императора Александра. Восторг Ростова. Его новая встреча с царем в Вишау. Празднование Денисовым своего производства в ротмистры. Мечты Ростова умереть за царя.	Война
1	3	11	57	Нездоровье императора Александра в Вишау. Приезд французского парламентера Савари с предложением свидания императора Александра с Наполеоном. Посылка князя Долгорукова к Наполеону. Движение в высших сферах армии 19 ноября в пользу решения дать Аустерлицкое сражение. Князь Андрей Болконский у князя Долгорукова. Рассказ последнего о своем свидании с Наполеоном и его боязни генерального сражения. Изложение Долгоруковым плана флангового движения Вейротера. Возражение князя Андрея и изложение им своего плана. Мнение Кутузова о том, что сражение будет проиграно.	Война
1	3	12	58	Заседание военного совета. Характеристика Вейротера. Кутузов засыпает во время заседания. Чтение Вейротером диспозиции Аустерлицкого сражения. Генералы во время чтения диспозиции. Возражения Ланжерона. Кутузов закрывает заседание. Размышления князя Андрея в ночь перед Аустерлицким сражением. Честолюбивые мечты князя Андрея о своем «Тулоне».	Война
1	3	13	59	Николай Ростов во фланкерской цепи. Мечты Ростова. Крики в неприятельской армии. Князь Багратион и князь Долгоруков смотрят на странное явление огней и криков во французской армии. Багратион посылает Ростова посмотреть ушла ли цепь французских фланкеров. Стрельба французов по Ростову. Багратион оставляет Ростова при себе ординарцем. Приказ Наполеона своим войскам.	Война
1	3	14	60	Движение русских колонн. Сознание совершающегося беспорядка и путаницы. Недовольство австрийцами. Начало дела над речкою Гольдбахом. Наполеон перед началом Аустерлицкого сражения.	Война
1	3	15	61	Движение четвертой колонны русских войск, предводительствуемой Кутузовым. Настроение и мечты князя Андрея перед началом сражения. Раздражение Кутузова против генерала проходившей пехоты. Кутузов посылает князя Андрея с приказом остановить третью дивизию и выслать вперед стрелковую цепь. Русский и австрийский императоры со свитою объезжают войска. Вопрос Александра I и ответ Кутузова почему он не начинает дела. Приказание Кутузова к наступлению. Милорадович ведет в бой свою колонну.	Война
1	3	16	62	Столкновение четвертой колонны с французами. Бегство русских войск. Рана Кутузова. Князь Андрей со знаменем в руках бросается вперед батальона на французов. Рана князя Андрея. Его думы о высоком, бесконечном небе.	Война
1	3	17	63	На правом фланге русских войск у Багратиона. Князь Багратион посылает Николая Ростова к главнокомандующему или к императору за распоряжением начать дело. Поездка Ростова по фронту русских войск. Атака кавалергардов. Проезжая мимо гвардейской пехоты Ростов встречается с Борисом Друбецким и Бергом. Встреча Ростова с бегущими русскими и австрийскими солдатами	Война
1	3	18	64	Ростов у деревни Праца. Расстроенные толпы русских войск. Слухи о ране государя и главнокомандующего. Поле с видом убитых и раненых. Орудийные выстрелы французов по Ростову. За деревней Гостиерадек Ростов видит государя, и не решается к нему обратиться. Капитан фон-Толь разговаривает с царем. Сожаление Ростова о своей нерешительности и поиски им Кутузова. Проигрыш русскими Аустерлицкого сражения. Отступление расстроенных русских колонн. Артиллерийская канонада французов по плотине Аугеста. Долохов на плотине Аугеста.	Война
1	3	19	65	Князь Андрей лежит раненый на Праценской горе. Наполеон объезжает поле сражения. Он замечает, что князь Андрей жив и приказывает снести его на перевязочный пункт. Раненых русских офицеров выставляют для показа Наполеону. Разговор Наполеона с князем Репниным и поручиком Сухтеленом. Мысли князя Андрея о Наполеоне, о ничтожности величия и ничтожности жизни и смерти. Эпизод с образком, снятым с князя Андрея французскими солдатами и вновь надетом на него. Князь Андрей в числе других раненых оставляется на попечение жителей.	Война
2	1	1	66	Приезд Николая Ростова с Денисовым в Москву в отпуск. Нетерпение Николая по мере приближения к Москве и к дому. Встреча с родными и Соней. Встреча Ростовыми Денисова. Разговор Николая с Наташей на другое утро	Мир
2	1	2	67	Времяпрепровождение Николая Ростова в Москве. Заботы старого графа Ильи Андреевича Ростова по устройству в честь Багратиона обеда в Английском клубе. Разговор старого графа с сыном и Анной Михайловной о Пьере. Описание настроения в Москве и в Английском клубе по получении известия об Аустерлицком сражении. Причины выбора Багратиона героем Москвы	Мир
2	1	3	68	В Английском клубе перед обедом в честь Багратиона. Члены клуба и гости. Денисов, Ростов, Несвицкий, Пьер. Толки в кружках стариков. Приезд и встреча Багратиона. Чтение стихов, сочиненных в честь героя. Обед. Тосты	Мир
2	1	4	69	Мрачное настроение Пьера Безухова во время обеда и мысли об измене жены. Веселое оживление Николая Ростова во время обеда. Столкновение Пьера с Долоховым и вызов на дуэль. Разговор Долохова с Ростовым о тайне дуэли. Приготовления на другой день к дуэли. Настроение Пьера. Безрезультатные попытки секунданта Пьера — Несвицкого и секунданта Долохова — Денисова примирить противников	Мир
2	1	5	70	Дуэль. Выстрел Пьера и рана Долохова. Ростов и Денисов везут раненого Долохова к матери	Мир
2	1	6	71	Настроение Пьера после дуэли. Его мысли о своей женитьбе и отношениях с женою. Решение уехать в Петербург. Приход к Пьеру Элен и объяснение по поводу дуэли. Взрыв гнева Пьера и его разрыв с женою	Мир
2	1	7	72	Получение в Лысых Горах известия об Аустерлицком сражении и о смерти князя Андрея. Старый князь сообщает об этом княжне Марье. Княжна Марья подготовляет маленькую княгиню к известию о смерти князя Андрея	Мир
2	1	8	73	Начало родов маленькой княгини. Настроение княжны Марьи. Приход к ней няни Прасковьи Савишны. Настроение старого князя и обитателей лысогорского дома. Неожиданный приезд князя Андрея в Лысые Горы. Встреча его с княжной Марьей	Мир
2	1	9	74	Князь Андрей на половине жены. Настроение князя Андрея. Рождение сына и смерть Лизы Болконской. Встреча князя Андрея с отцом. Отпевание княгини. Крещение маленького князя Николая	Мир
2	1	10	75	Служба Николая Ростова адъютантом при Московском генерал-губернаторе. Сближение Николая с Долоховым во время его выздоровления после дуэли. Суждение матери Долохова о сыне и Долохова о себе. Атмосфера любовности в доме Ростовых. Долохов влюбляется в Соню	Мир
2	1	11	76	Обед Ростовых на третий день рождества 1806 г. Особенная напряженность любовной атмосферы в доме. Наташа сообщает Николаю о предложении Долохова Соне и ее отказе. Разговор Николая с Соней о предложении Долохова	Мир
2	1	12	77	Бал «подростков» у Иогеля. Особенное оживление Наташи и Сони на этом балу. Денисов и Наташа танцуют польскую мазурку	Мир
2	1	13	78	Прощальная пирушка Долохова перед отъездом в армию. Встреча Николая Ростова с Долоховым после отказа Сони. Долохов мечет банк. Николай садится зa карточный стол. Начало его проигрыша Долохову	Мир
2	1	14	79	Сосредоточение игры на одном Ростове. Мысли Николая Ростова о своем проигрыше. Окончание игры — Николай проиграл Долохову сорок три тысячи рублей. Разговор Ростова с Долоховым об уплате денег	Мир
2	1	15	80	Приезд Николая домой. Молодежь дома Ростовых у клавикорд. Денисов поет сочиненное им стихотворение «Волшебница». Домашние замечают мрачное настроение Николая. Пение Наташи и мысли Николая под впечатлением ее пения	Мир
2	1	16	81	Объяснение Николая Ростова с отцом по поводу своего проигрыша. Объяснение Наташи с старой графиней по поводу предложения, сделанного ей Денисовым. Отказ графини Денисову и его отъезд в армию. Жизнь Николая дома до отъезда в армию	Мир
2	2	1	82	Пьер после объяснения с женою едет в Петербург. Остановка на станции в Торжке. Мрачные мысли Пьера. Приезд на станцию масона Баздеева	Мир
2	2	2	83	Разговор Баздеева с Пьером. Перемена в настроении Пьера после отъезда масона	Мир
2	2	3	84	Пьер в Петербурге. Его уединение и чтение им масонских книг. Приезд к нему графа Вилларского. Испытания Пьера и церемония перед вступлением в масонскую ложу	Мир
2	2	4	85	Заседание масонской ложи по поводу вступления Пьера в масонство. Чувство обновления Пьера после вступления в масонскую ложу	Мир
2	2	5	86	Приезд к Пьеру князя Василия для улажения его разрыва с Элен. Пьер выгоняет князя Василия. Отъезд Пьера в свои именья	Мир
2	2	6	87	Осуждение Пьера светским обществом за разрыв с женой и радушный прием Элен по возвращении ее в Петербург. Вечер Анны Павловны Шерер в конце 1806 г. Приезд на вечер Бориса Друбецкого. Его характеристика. Анна Павловна угащивает своих гостей Друбецким. Внимание Элен к рассказу Бориса	Мир
2	2	7	88	Рассказ Ипполитом Курагиным шутки о прусском короле. Разговор о наградах. Элен приглашает Друбецкого к себе. Сближение Бориса с Элен	Мир
2	2	8	89	Деятельность старого князя Болконского в качестве главнокомандующего по ополчению. Жизнь князя Андрея после кампании 1805 г. Болезнь маленького Николушки. Князь Андрей и княжна Марья в детской. Письмо старого князя сыну	Мир
2	2	9	90	Письмо Билибина к князю Андрею о кампании 1806 г. Князь Андрей с сестрой в детской. Кризис в болезни Николушки и радость князя Андрея	Мир
2	2	10	91	Пьер в Киеве. Вызов им всех управляющих имениями и объяснение своего намерения освободить крестьян от крепостной зависимости. Бюджет Пьера. Его занятия с главноуправляющим делами. Рассеянная жизнь Пьера в Киеве. Пьер весною 1807 г. объезжает свои имения. Благодарственные встречи Пьера крестьянами, устроенные главноуправляющим. Наивное восхищение Пьера от сделанного им для крестьян добра	Мир
2	2	11	92	Пьер в Богучарове у Болконского. Его встреча с князем Андреем. Происшедшая перемена в князе Андрее. Задушевный разговор Пьера с князем Андреем о жизни и назначении человека	Мир
2	2	12	93	Поездка князя Андрея и Пьера в Лысые Горы. Пьер излагает князю Андрею масонство. Разговор друзей на пароме. Начало новой внутренней жизни князя Андрея после посещения его Пьером	Мир
2	2	13	94	Князь Андрей и Пьер в Лысых Горах. Посещение ими княжны Марьи и разговор с божьими людьми	Мир
2	2	14	95	Рассказ странницы. Суждение княжны Марьи о князе Андрее. Приезд старого князя. Спор Пьера с старым князем. Дружеские отношения Пьера со всем семейством Болконских.	Мир
2	2	15	96	Возвращение Николая Ростова в полк. Чувство успокоения Ростова после вступления в привычные условия полковой жизни. Стоянка Павлоградского полка около Бартенштейна. Голод и болезни солдат в Павлоградском полку. Употребление солдатами в пищу Машкина корня. Дружба Ростова с Денисовым. Эпизод спасения Николаем от голода старика-поляка и его дочери с ребенком	Война
2	2	16	97	Денисов и Ростов с своим полком на аванпостах. Офицерская землянка. Денисов силой отбивает у своих транспорт продовольствия, предназначенный для пехотного полка. Поездка Денисова в штаб для улажения этого дела и его рассказ о встрече там с Теляниным и избиении им Телянина и других штабных чиновников. Привлечение Денисова к ответственности за отбитие транспорта и буйство в штабе. Рана Денисова и поступление его в госпиталь	Война
2	2	17	98	Перемирие между русскими и французами после Фридландского сражения. Поездка Николая Ростова к Денисову в госпиталь. Разговор Николая с доктором. Ростов осматривает солдатские палаты. Тяжелое впечатление Ростова при виде больных и раненых	Война
2	2	18	99	Ростов в офицерских палатах. Встреча его с Тушиным без руки. Положение раны Денисова. Чтение Денисовым своего ответа на бумагу следственной комиссии по делу с провиантскими чиновниками. Денисов решает подать через Ростова просьбу на имя государя о помиловании	Война
2	2	19	100	Поездка Ростова по делу Денисова в Тильзит. Тильзитское свидание Александра I с Наполеоном. Борис Друбецкой в свите императора. Его успех по службе. Сожитель Бориса граф Жилинский устраивает для своих знакомых французов ужин. Приход Ростова к Борису во время ужина. Странное чувство Ростова при виде французских офицеров. Разговор Николая с Борисом о деле Денисова	Мир
2	2	20	101	Николай Ростов в статском платье бродит по улицам города. Его мысли о встрече с государем и подаче ему письма Денисова. Ростов в приемной императора. Встреча Николая с знакомым кавалерийским генералом и его просьба к нему передать письмо. Выход Александра I. Восторг Ростова при виде царя	Мир
2	2	21	102	Дружеское свидание русского и французского императоров. Наполеон награждает орденом почетного легиона солдата преображенца Лазарева. Батальон французской гвардии дает обед Преображенскому батальону. Мучительная работа в уме Ростова при виде дружбы Александра с Наполеоном и русских с французами. Обед Николая в трактире. Горячая вспышка Ростова по поводу суждений офицеров о мире и о союзе с французами	Мир
2	3	1	103	Близость Наполеона и Александра в 1808—1809 гг. Жизнь и занятия князя Андрея Болконского в деревне. Поездка князя Андрея в рязанские имения сына. Весна в лесу. Грустные мысли князя Андрея при виде старого дуба	Мир
2	3	2	104	Поездка князя Андрея к Ростовым в Отрадное. Встреча с Наташей. Князь Андрей невольно подслушивает разговор Наташи с Соней о желании улететь в небо	Мир
2	3	3	105	Возвращение князя Андрея домой. Весеннее чувство радости и обновления князя Андрея при виде преобразившегося старого дуба. Вера Болконского в возможность для себя деятельности, счастья и любви и решение осенью ехать в Петербург	Мир
2	3	4	106	Приезд князя Андрея в Петербург. Эпоха реформ и апогей славы Сперанского. Князь Андрей на приеме у Аракчеева	Мир
2	3	5	107	Чувство князя Андрея о готовящемся в Петербурге «огромном гражданском сражении». Желанный прием Болконского различными кругами высшего петербургского общества. Князь Андрей у графа Кочубея. Его встреча и разговор с Сперанским	Мир
2	3	6	108	Времяпрепровождение князя Андрея в Петербурге. Впечатление, произведенное на него Сперанским. Характеристика Сперанского. Зачисление князя Андрея членом комиссии составления воинского устава и комиссии составления законов	Мир
2	3	7	109	Пьер во главе петербургского масонства. Неудовлетворенность Пьера масонской деятельностью. Поездка Пьера за границу для посвящения себя в высшие тайны масонства. Возвращение в Петербург. Торжественное заседание масонской ложи. Речь Пьера и волнение, произведенное ею в ложе. Разрыв Пьера с петербургскими масонами	Мир
2	3	8	110	Тоска Пьера. Поездка в Москву к Иосифу Алексеевичу. Дневник Пьера. Примирение с женою.	Мир
2	3	9	111	Кружки высшего петербургского общества. Французский кружок Наполеоновского союза — графа Румянцева и Коленкура. Элен — в центре этого кружка. Ее салон. Роль Пьера в салоне жены. Близость Элен с Борисом Друбецким. Отношение Пьера к Борису	Мир
2	3	10	112	Дневник Пьера Безухова	Мир
2	3	11	113	Приезд Ростовых в Петербург. Принадлежность Ростовых к смешанному и неопределенному обществу в Петербурге. Предложение Берга Вере. Успех Берга по службе. Недоумение Ростовых по поводу предложения Берга и их согласие. Объяснение Берга с старым графом о приданом	Мир
2	3	12	114	Наташа в Петербурге. Приезд Бориса Друбецкого к Ростовым. Его встреча с Наташей и впечатление, произведенное на него ею. Увлечение Бориса Наташей	Мир
2	3	13	115	В спальне графини Ростовой. Ночное посещение Наташи и разговор дочери с матерью о Борисе. Мысли Наташи о себе	Мир
2	3	14	116	Новогодний бал у Екатерининского вельможи. Съезд приглашенных. Приготовления к балу Ростовых. Возбужденное состояние Наташи перед поездкой на первый большой бал. Приготовление к балу старой фрейлины Перонской	Мир
2	3	15	117	Приезд Наташи на бал. Впечатление, произведенное Наташей на хозяйку и некоторых гостей. Перонская называет Ростовым значительных лиц, бывших на бале. Пьер и князь Андрей на балу	Мир
2	3	16	118	Приезд на бал Александра. Государь открывает бал. Отчаяние Наташи, что она не танцует между первыми. Вальс. Князь Андрей приглашает Наташу на танец. Оживление князя Андрея	Мир
2	3	17	119	Веселое расположение Наташи и ее танцы в течение целого вечера. Впечатление, произведенное Наташей на князя Андрея. Мрачное настроение Пьера на балу	Мир
2	3	18	120	Настроение князя Андрея после бала. Рассказ Бицкого о заседании Государственного совета. Равнодушие князя Андрея к этому заседанию. Болконский на обеде у Сперанского. Разочарование князя Андрея в Сперанском и в своей деятельности.	Мир
2	3	19	121	Визит князя Андрея к Ростовым. Вступление князя Андрея в особенный мир Наташи. Пение Наташи. Мысли князя Андрея после посещения Ростовых	Мир
2	3	20	122	Берг приглашает Пьера к себе на вечер. Берг с Верою у себя в квартире в ожидании гостей. Приезд Пьера, Бориса и других гостей.	Мир
2	3	21	123	Наташа и князь Андрей на вечере у Бергов. Наблюдения Пьера над ними. Разговор Веры с князем Андреем о чувствах, о Наташе и детской любви между нею и Борисом. Оживление князя Андрея	Мир
2	3	22	124	Князь Андрей проводит целый день у Ростовых. Страх в доме Ростовых перед чем-то важным, что должно совершиться. Разговор Наташи с матерью о князе Андрее и о своих чувствах. Раут у Элен. Мрачное настроение Пьера. Князь Андрей сообщает Пьеру о своей любви к Наташе и твердом намерении жениться на ней. Пьер радуется счастию своего друга	Мир
2	3	23	125	Поездка князя Андрея к отцу за разрешением на женитьбу. Старый князь непременным условием своего согласия ставит отсрочку женитьбы сына на год. Напрасные ожидания Наташи князя Андрея. Наташа в состоянии любви к себе и восхищения собою. Приезд князя Андрея. Его предложение Наташе. Волнение и слезы Наташи. Ее огорчение по поводу отсрочки свадьбы	Мир
2	3	24	126	Отношения между князем Андреем и Наташей после помолвки. Семейство Ростовых привыкает к Болконскому. Отношения домашних к жениху и невесте. Расставанье Наташи с князем Андреем	Мир
2	3	25	127	Ослабление здоровья и характера старого князя Болконского. Усиление его раздражительности против княжны Марьи. Письмо княжны Марьи Жюли Карагиной	Мир
2	3	26	128	Получение княжной Марьей от брата письма с извещением о помолвке с Ростовой и с просьбой похлопотать перед отцом о сокращении назначенного им срока. Раздражение старого князя против сына и намерение жениться на мамзель Бурьен. Скрытая мечта и надежда княжны Марьи оставить семью и заботы о мирских делах и сделаться странницей	Мир
2	4	1	129	Рассуждение автора о праздности. Служба Николая Ростова в Павлоградском полку. Письма к нему родных о расстройстве дел и с просьбами приехать домой. Страх Николая выйти из привычных условий жизни. Письмо старой графини к сыну и его решение ехать в отпуск. Проводы Ростова товарищами. Приезд Николая в Отрадное. Разговор Николая с Наташей о князе Андрее	Мир
2	4	2	130	Вмешательство Николая в дела хозяйства, избиение Митиньки. Объяснение старого графа с сыном. Николай уничтожает вексель Анны Михайловны	Мир
2	4	3	131	Охотничья погода. Сборы Николая на охоту. Разговор с Данилой. Наташа заявляет брату о своем решении ехать на охоту	Мир
2	4	4	132	Охота Ростовых в поле. Встреча с дядюшкой. Старый граф на охоте. Его разговор с Семеном Чекмарем о дочери и сыне. Илья Андреич прозевывает волка. Раздражение Данилы против старого графа	Мир
2	4	5	133	Николай в ожидании зверя. Молитва Ростова. Травля волка	Мир
2	4	6	134	Продолжение охоты. Травля лисы. Столкновение охотника Ростовых с илагинским охотником. Встреча Николая с соседом Илагиным. Взаимные суждения охотников о собаках. Совместная травля зайца. Волнение охотников	Мир
2	4	7	135	Николай с Наташей у дядюшки. Анисья Федоровна и ее кушанья. Дядюшка Михаил Никанорыч. Игра Митьки на балалайке. Игра дядюшки на гитаре. Пляска Наташи. Пенье дядюшки. Возвращение Николая и Наташи домой	Мир
2	4	8	136	Расстройство состояния Ростовых. Толки о продаже родового дома и подмосковной. Проект старой графини для поправления дел женить Николая на богатой невесте. Разговор старой графини с сыном о его женитьбе на Жюли Карагиной. Отказ Николая от этой партии и сближение с Соней	Мир
2	4	9	137	Святки в доме Ростовых. Настроение Наташи — грусть о женихе и шалости	Мир
2	4	10	138	Николай, Соня и Наташа в диванной. Воспоминания прошлого. Разговор о вечности. Пение и слезы Наташи. Приход и пляски ряженых. Николай, Наташа, Соня и Петя наряжаются и решают ехать к соседям. Святочное веселье молодежи. Поездка на тройках в Мелюковку	Мир
2	4	11	139	Молодежь дома Ростовых у Мелюковых. Пляски и игры наряженных. Разговоры о святочных гаданьях. Особенное оживление Сони. Она идет к амбару гадать. Соня встречается на дворе с Николаем	Мир
2	4	12	140	Возвращение молодежи Ростовых домой. Разговор Николая с Наташей о решении жениться на Соне и одобрение Наташи. Мечты подруг о будущем счастьи. Гадание Наташи и Сони	Мир
2	4	13	141	Николай объявляет матери о своем решении жениться на Соне. Противодействие графини и ее попреки Соне. Объяснение и ссора Николая с матерью. Вмешательство Наташи. Отъезд Николая в полк. Отъезд старого графа, Наташи и Сони в Москву	Мир
2	5	1	142	Изменение жизни Пьера после помолвки князя Андрея и Наташи — удаление от масонства, поездки в клуб, сближение с холостыми компаниями. Отъезд Пьера в Москву. Радушный прием его московским обществом и жизнь в Москве. Мысли Пьера о неудовлетворенности своей жизнью	Мир
2	5	2	143	Приезд в Москву старого князя Болконского с дочерью. Князь играет роль главы московской оппозиции правительству. Тяжелая жизнь княжны Марьи в Москве. Ее одиночество. Большее сближение старого князя с мамзель Бурьен. Раздражение старого князя против дочери за ее крик на француженку	Мир
2	5	3	144	День именин князя Николая Андреича. Посещение его доктором-французом Метивье. Князь выгоняет Метивье. Гнев старого князя против дочери за приезд Метивье. Именинный обед. Гости: Растопчин, князь Лопухин, Пьер, Борис Друбецкой. Разговор о политических новостях	Мир
2	5	4	145	Разговор Пьера с княжной Марьей о Борисе Друбецком и его намерении жениться. Невольная откровенность княжны Марьи о себе. Ее расспросы Пьера о Наташе	Мир
2	5	5	146	Нерешительность Бориса между двумя богатыми невестами: Жюли и княжной Марьей. Жюли Карагина. Меланхолическое настроение Бориса и Жюли. Стихи. Анна Михайловна наводит справки о приданом. Предложение Бориса Жюли	Мир
2	5	6	147	Приезд графа Ильи Андреевича Ростова с Наташей и Соней в Москву. Встреча их Марьей Дмитриевной Ахросимовой. Разговор Марьи Дмитриевны с Наташей	Мир
2	5	7	148	Визит старого графа с Наташей к князю Николаю Андреичу Болконскому. Прием их княжною. Илья Андреевич оставляет Наташу с княжною Марьею. Наташа оскорблена приемом. Приход старого князя в халате. Отъезд Ростовых. Слезы Наташи	Мир
2	5	8	149	Сборы Ростовых в оперу. Мысли Наташи о князе Андрее и своей любви к нему. Приезд в театр. Внимание, возбужденное Наташей и Соней в театре. Знакомые. Борис с Жюли и Анна Михайловна. Долохов. Шиншин в ложе Ростовых. Элен	Мир
2	5	9	150	Начало действия оперы. Восприятие Наташей оперы. Состояние опьянения Наташи. Анатоль Курагин в ложе Элен. Пьер у ложи Ростовых. Впечатление, произведенное Наташей на Курагина. Разговор Элен с старым графом. Наташа переходит в ложу Элен. Третий акт оперы	Мир
2	5	10	151	Элен представляет Наташе брата. Анатоль. Разговор Анатоля с Наташей. Ее чувство близости с ним. Отъезд Ростовых из театра. Беспокойство и мысли Наташи дома о случившемся	Мир
2	5	11	152	Жизнь Анатоля Курагина в Москве. Характеристика Анатоля. Его разговор с Долоховым о Наташе	Мир
2	5	12	153	Беспокойное настроение Наташи после визита к Болконским и после театра. Марья Дмитриевна едет к старому князю Болконскому. Приезд к Наташе Элен и приглашение ее на вечер. Возвращение Марьи Дмитриевны	Мир
2	5	13	154	Старый граф с Наташей и Соней на вечере у графини Безуховой. Чтение актрисы Жорж. Ухаживания Анатоля за Наташей. Танцы. Поцелуй. Вопрос Наташи по возвращении домой, кого она любит, князя Андрея или Анатоля	Мир
2	5	14	155	Марья Дмитриевна сообщает Наташе и старому графу о своем посещении Болконского и советует им ехать в деревню и там ожидать князя Андрея. Письмо княжны Марьи Наташе. Неразрешимый вопрос Наташи. Получение ею любовного письма от Анатоля	Мир
2	5	15	156	Соня читает письмо Анатоля к Наташе. Ее объяснение с подругою. Наташа говорит Соне о своей любви к Курагину. Письмо Наташи княжне Марье с отказом князю Андрею. Объяснение Наташи с Соней после ее свидания с Анатолем у Карагиных и намерение бежать с ним. Волнение Сони, заподозревшей план побега Наташи	Мир
2	5	16	157	Анатоль на квартире у Долохова. План похищения Ростовой. Разговор Долохова с Анатолем о его затее. Приезд ямщика Балаги и разговор с ним	Мир
2	5	17	158	Приготовления Анатоля к отъезду. Прощание с товарищами. Эпизод с шубой. Отъезд. Неудача попытки увоза Наташи	Мир
2	5	18	159	Разоблачение намерения Наташи. Объяснение Марьи Дмитриевны с Наташей. Возвращение из подмосковной старого графа. Отчаяние Наташи	Мир
2	5	19	160	Марья Дмитриевна вызывает к себе письмом Пьера. Встреча Пьера с Анатолем. Марья Дмитриевна сообщает Пьеру о разрыве Наташи с князем Андреем и попытке увоза ее Анатолем и просит его приказать Курагину уехать из Москвы. Пьер сообщает Наташе, что Анатоль женат	Мир
2	5	20	161	Пьер отыскивает по городу Анатоля и находит его у своей жены. Объяснение Пьера с Анатолем	Мир
2	5	21	162	Пьер у Ахросимовой. Попытка Наташи отравиться и ее болезнь. Разговор в городе о похищении Ростовой. Приезд князя Андрея и вручение ему отцом отказа Наташи. Пьер у Болконских. Политический спор князя Андрея с отцом и гостем. Разговор князя Андрея с Пьером об отказе Наташи. Оживление старого князя и радость княжны Марьи по поводу расстройства свадьбы князя Андрея	Мир
2	5	22	163	Пьер у Ростовых. Его свидание и разговор с Наташей. Чувство жалости, нежности и любви Пьера к Наташе. Пьер невольно выдает себя. Слезы Наташи. Пьер по дороге домой. Комета 1812 г. и настроение Пьера	Мир
3	1	1	164	Рассуждение автора о причинах исторических событий вообще и по поводу движения европейских народов с запада на восток в 1812 году. Фатализм в истории	Война
3	1	2	165	Выезд Наполеона из Дрездена, приезд его в армию, находившуюся в Польше. Приказ о переходе через Неман и вступление в Россию. Восторженное отношение войск к Наполеону. Польский уланский полк переплывает реку Вилию 	Война
3	1	3	166	Пребывание русского императора Александра в Вильне. Отсутствие общего плана и неподготовленность России к войне. Обед и бал в честь Александра, данный ему генерал-адъютантами. Элен Безухова и Борис Друбецкой на балу. Известие о вступлении французских войск в Россию. Письмо Александра I к Наполеону 	Война
3	1	4	167	Александр I призывает Балашова и приказывает ему отвезти и лично передать его письмо Наполеону. Балашов на французских аванпостах. Встреча и разговор Балашова с Мюратом.	Война
3	1	5	168	Прием Балашова маршалом Даву. Четырехдневное пребывание Балашова в французском лагере и привоз его в Вильну, занятую французами 	Война
3	1	6	169	Прием Балашова Наполеоном. Его разговор с императором французов. Вспышка гнева Наполеона	Война
3	1	7	170	Наполеона. Разговор за обедом и кофе. Удачные ответы Балашова на расспросы Наполеона о Москве. Отъезд Балашова	Война
3	1	8	171	Князь Андрей в поисках Анатоля Курагина едет в Петербург и затем в Турецкую армию, где состоит при штабе Кутузова. В 1812 году по получении известия о войне Болконский переводится в западную армию. Поездка князя Андрея в Лысые Горы. Ссора с отцом из-за сестры и француженки мамзель Бурьен. Отъезд князя Андрея в армию 	Мир
3	1	9	172	Приезд Болконского в Дрисский лагерь русской армии. Штаб императорской главной квартиры. Различные направления и партии в армии: немецкая партия — Пфуль и его последователи-теоретики войны; партия русских — Багратион, Ермолов; придворная партия — Аракчеев и другие; направление великого князя и Румянцева, сторонников мира; приверженцы Барклая-де-Толли; партия Бенигсена; партия государственных людей: — Шишкова и других, написавших письмо Александру I с предложением оставить войско и другие партии 	Война
3	1	10	173	Осмотр Александром I, Бенигсеном и Паулучи Дрисского лагеря. Характеристика Пфуля 	Война
3	1	11	174	Паулучи в разговоре с Александром I критикует Дрисский лагерь. Военный совет. Пфуль излагает свой план. Прения. Мысли князя Андрея о том, что нет и не может быть военной науки и военного гения. Решение князя Андрея служить не в штабе, а в армии 	Война
3	1	12	175	Николай Ростов получает письмо от родителей с просьбой выйти в отставку. Письмо Николая Соне. Его мечты о тихой деревенской жизни. Невозможность отставки вследствие начавшейся кампании. Жизнь гусар Павлоградского полка во время похода в Польше. Николай Ростов и Ильин. Известие о подвиге Раевского. Мысли Ростова о подвиге Раевского	Война
3	1	13	176	Сцена в корчме — ухаживания офицеров за докторской женой Марьей Генриховной, чаепитие, игра в короли 	Война
3	1	14	177	Выступление эскадрона Николая Ростова к Островне. Настроение Ростова перед сражением. Начало Островненского сражения	Война
3	1	15	178	Преследование французскими драгунами русских улан. Николай Ростов с своим эскадроном атакует французов. Ростов берет в плен французского офицера. Чувства неясности и запутанности, испытываемые Николаем Ростовым после взятия им в плен офицера и его мысли о своем подвиге и геройстве 	Война
3	1	16	179	Жизнь Ростовых в Москве. Нравственная болезнь Наташи после ее разрыва с князем Андреем. Горе графа и графини по поводу болезни дочери. Консилиум докторов и лечение Наташи	Мир
3	1	17	180	Настроение Наташи. Удаление ее от своих домашних и сближение с Пьером. Говенье Наташи	Мир
3	1	18	181	Получение в Москве воззвания и манифеста о войне. Наташа с матерью в домашней церкви Разумовских. Настроение Наташи во время обедни. Чтение священником молитвы о спасении России от вражеского нашествия	Мир
3	1	19	182	Пьер живет своим чувством к Наташе. Апокалипсические вычисления Пьера и мысль, что ему предназначен великий подвиг. Пьер посылает Ростовым письмо от Николая	Мир
3	1	20	183	Пьер приезжает к Ростовым обедать. Встреча и разговор его с Наташей. Чтение манифеста о войне. Петя просит родителей определить его в военную службу. Пьер, заметив свое чувство к Наташе, решает не бывать больше у Ростовых 	Мир
3	1	21	184	Слезы Пети после полученного отказа поступить на военную службу. Приезд в Москву Александра I. Петя решается представиться царю и просить его об определении в военную службу. Петя в толпе народа в Кремле. Настроение толпы. Восторг Пети. Петя попадает в давку. Обед Александра I в Кремле. Эпизод с бисквитом	Мир
3	1	22	185	Собрание дворян и купцов в Слободском дворце. Чтение манифеста и толки дворян. Речь Пьера. Нападки на Пьера дворян за его слишком вольную речь	Мир
3	1	23	186	Приезд в дворянское собрание Растопчина и вслед за ним царя. Патриотизм дворян и купцов.	Мир
3	2	1	187	Рассуждения автора об исторических событиях и о роли в них исторических деятелей. Роль Александра и Наполеона в событиях 1812 года и краткий обзор войны с начала ее и кончая оставлением Смоленска	Война
3	2	2	188	Лысые Горы. Старый князь после ссоры с сыном отдаляет от себя француженку. Письмо Жюли Друбецкой к княжне Марье. Письма князя Андрея о ходе войны и о приближении неприятеля. Ослабление памяти старого князя. Разговор Десаля с старым князем о войне. Старик Болконский плохо сознает опасность приближения театра войны	Мир
3	2	3	189	Старый князь в кабинете за чтением своих ремарок. Посылка Алпатыча в Смоленск. Поиски князем себе места для постели. Разговор князя с Тихоном о письме князя Андрея. Воспоминания старого князя о своей молодости	Мир
3	2	4	190	Проводы и отъезд Алпатыча в Смоленск. Алпатыч останавливается в Смоленске у купца Ферапонтова. Движение русских войск по городу. Алпатыч у губернатора. Бомбардировка Смоленска. Ранение кухарки Ферапонтова. Встреча Алпатыча с князем Андреем, который пишет отцу, чтобы он немедля уезжал из Лысых Гор в Москву. Берг в качестве штабного начальника делает замечание князю Андрею 	Война
3	2	5	191	Князь Андрей с своим полком на походе. Настроение князя Андрея. Посещение им опустевших Лысых Гор. Разговор с Алпатычем — князь Андрей по недоразумению считает, что его отец, сестра и сын уехали в Москву, в то время, как они в Богучарове. Купанье в пруду солдат. Мысли Болконского о «мясе для пушек». Письмо Багратиона Аракчееву с обвинениями против военного министра и главнокомандующего Барклая-де-Толли 	Война
3	2	6	192	Петербург. Светские политические салоны-кружки: французский Румянцевский кружок Элен и кружок Анны Павловны Шерер и их отношение к войне. Толки в салоне Анны Павловны о назначении нового главнокомандующего. Резко отрицательное суждение князя Василия о Кутузове. Назначение Кутузова полномочным главнокомандующим русских армий и всего края, занимаемого войсками. Разговор в салоне Анны Павловны об этом назначении.	Мир
3	2	7	193	Движение французов от Смоленска к Москве Лаврушка попадает в плен к французам. Разговор Наполеона с Лаврушкой. Наполеон отпускает Лаврушку на свободу	Мир
3	2	8	194	Лысые Горы. Старого князя разбивает паралич. Переезд княжны Марьи с больным отцом в Богучарово. Болезнь старика Болконского. Его смягчение и любовь к дочери. Настроение княжны Марьи. Сборы в Москву. Разговор княжны Марьи с отцом. Смерть старого князя	Мир
3	2	9	195	Характеристика Богучаровских крестьян. Староста Дрон. Крестьяне отказываются дать подводы под обоз княжны Марьи	Мир
3	2	10	196	Горе княжны Марьи после смерти отца. Мамзель Бурьен приносит княжне Марье объявление французского генерала Рамо, чтобы жители не покидали своих домов и советует ей не уезжать из Богучарова. Чувство национальной гордости княжны Марьи. Она решает немедленно ехать. Разговор княжны Марьи с старостой Дроном 	Мир
3	2	11	197	Дрон собирает сходку богучаровских мужиков. Речь княжны Марьи, обращенная к толпе. Отказ мужиков выпустить княжну Марью из Богучарова 	Война
3	2	12	198	Мысли княжны Марьи об отце, его болезни и смерти 	Мир
3	2	13	199	Николай Ростов, Ильин и Лаврушка, в поисках провианта заезжают в Богучарово. Алпатыч сообщает Ростову о бунте мужиков и нежелании их выпустить княжну из именья. Встреча Ростова с княжной Марьей 	Мир
3	2	14	200	Гнев Николая Ростова против бунтующих мужиков. Замешательство и раздор в толпе мужиков после приезда в деревню гусар. Усмирение Ростовым бунта. Укладка вещей и отъезд княжны Марьи из Богучарова. Взаимное впечатление Николая и княжны Марьи, произведенное ими друг на друга 	Мир
3	2	15	201	Вызов Кутузовым князя Андрея в главную квартиру. Приезд Болконского в Царево-Займище. Смотр Кутузовым войск. Ласковый прием князя Андрея главнокомандующим. Денисов излагает Кутузову свой план партизанской войны. Личность Кутузова	Война
3	2	16	202	Задушевный разговор Кутузова с князем Андреем о войне. Его предложение Болконскому остаться при нем и отказ князя Андрея. Характеристика Кутузова. Успокоение князя Андрея насчет общего хода дел после его беседы с Кутузовым	Война
3	2	17	203	Москва перед нашествием французов. Растопчинские афишки. Светский вечер у Жюли Друбецкой. Штрафы за французский язык. Приезд Пьера на вечер Жюли	Мир
3	2	18	204	Пьер у себя дома. Намерение Пьера ехать в армию. Приход к Пьеру княжны и разговор об опасности оставаться в Москве. Поездка Пьера в село Воронцово для осмотра воздушного шара Леппиха. Возвращаясь домой, Пьер присутствует при экзекуции французского повара. Отъезд Пьера в Можайск к войску 	Мир
3	2	19	205	Рассуждения автора о Шевардинском и Бородинском сражениях. Описание, как произошло Бородинское сражение. Предполагаемый и действительный план расположения русских и французских войск во время сражения 	Война
3	2	20	206	Пьер из Можайска едет к войску и встречает обоз с ранеными. Встреча Пьера с знакомым доктором. Ополченцы	Война
3	2	21	207	Обзор Пьером позиции русских войск у Бородина. Церковное шествие. Присутствие на молебне Кутузова со свитой	Война
3	2	22	208	Встреча Пьера с Борисом Друбецким, Кайсаровым и другими знакомыми из свиты главнокомандующего. Кутузов накануне Бородинского сражения. Разжалованный Долохов у главнокомандующего. Ловкость Бориса в обращении с начальством. Беседа Кутузова с Пьером. Долохов перед сражением примиряется с Пьером 	Война
3	2	23	209	Пьер в свите Бенигсена едет по линии войск. Военные распоряжения Бенигсена. Пьер сомневается в своих способностях понять военное дело	Война
3	2	24	210	Андрей Болконский накануне Бородинского сражения. Настроение и мысли князя Андрея. Приход к нему офицеров его полка и вслед зa ними Пьера	Война
3	2	25	211	Беседа Пьера с князем Андреем и офицерами о расположении наших войск, о главнокомандующем, о войне и о предстоящем сражении. Нервическое раздражение и волнение князя Андрея. Его высказывания о войне. Мысли о Наташе 	Война
3	2	26	212	Наполеон перед Бородинским сражением. Утренний туалет императора французов. Прием им префекта дворца Боссе. Сцена с портретом сына. Приказ Наполеона по армии	Война
3	2	27	213	Осмотр Наполеоном поля предстоящего сражения. Диспозиция Наполеона. Рассуждения автора о неисполнимости этой диспозиции	Война
3	2	28	214	Рассуждения автора о роли исторических деятелей в исторических событиях и о слепой роли Наполеона в Бородинском сражении	Война
3	2	29	215	Беседа Наполеона с Боссе о Париже. Бессонница Наполеона. Разговор с Раппом. Ночная прогулка у палатки. Начало сражения	Война
3	2	30	216	Начало сражения. Пьер на кургане. Картина поля сражения. Артиллерийская канонада	Война
3	2	31	217	Пьер ездит среди войск первой линии. Раненые. Батарея Раевского. Наблюдения Пьера на батарее. Разгар сражения. Убитые. Атака французов	Война
3	2	32	218	Французы атакуют батарею Раевского. Борьба Пьера с французским офицером. Контратака русских, отбивших у французов батарею. Ужас Пьера при виде убитых и раненых 	Война
3	2	33	219	Наполеон во время сражения. Его роль как руководителя боя	Война
3	2	34	220	Маршалы Наполеона просят у него подкреплений. Стойкость русских войск. Сомнения и колебания Наполеона в победе. Поездка по линии поля сражения	Война
3	2	35	221	Кутузов как руководитель Бородинского сражения. Напряженность и усталость Кутузова. Уверенность в победе. Эпизод с Вольцогеном. Приказ об атаке на завтрашний день	Война
3	2	36	222	Полк князя Андрея в резервах под сильным огнем французской артиллерии. Ранение князя Андрея. Перевязочный пункт	Война
3	2	37	223	Князь Андрей в палатке на перевязочном пункте. На соседнем столе только что отняли ногу Анатолю Курагину. Умиленное настроение князя Андрея	Война
3	2	38	224	Настроение Наполеона при виде Бородинского поля сражения. Характеристика Наполеона, как нравственно ослепленного человека 	Война
3	2	39	225	Рассуждения автора о результатах и значении Бородинского сражения	Война
3	3	1	226	Рассуждения автора о движущих силах истории	Война
3	3	2	227	Рассуждения о движении и действиях русского и французского войск в 1812 году и о зависимости главнокомандующего от совершающихся событий	Война
3	3	3	228	Кутузов с генералами на Поклонной горе. Разговоры о дальнейшем плане действий. Убеждение Кутузова, что защищать Москву нет никакой физической возможности	Война
3	3	4	229	Военный Совет в Филях. Генералы русской армии. Стычка Бенигсена с Кутузовым. Прения. Приказ Кутузова об отступлении	Война
3	3	5	230	Мысли автора об оставлении Москвы жителями и о сожжении ее	Война
3	3	6	231	Элен Безухова в Петербурге. Ее близость с вельможей и иностранным принцем и желание с обоими сохранить отношения. Переход Элен в католичество	Мир
3	3	7	232	Затруднительное положение Элен в связи с ее намерением выйти замуж от живого мужа. Подготовка ею мнения светского общества. Отношение к браку Элен ее отца и матери. Письмо Элен к Пьеру с просьбой о разводе.	Мир
3	3	8	233	Пьер после Бородинского сражения возвращается в Можайск. Встреча Пьера с солдатами	Война
3	3	9	234	Ночлег Пьера на постоялом дворе в Можайске. Мысли Пьера «о них» — о солдатах, желание быть простым солдатом. Сон Пьера («сопрягать надо»)	Война
3	3	10	235	Возвращение Пьера в Москву. Пьер в приемной у графа Растопчина. История Верещагина.	Война
3	3	11	236	Разговор Пьера с графом Растопчиным о масонстве и деле Ключарева и Верещагина. Настроение Пьера. Его исчезновение из дому	Война
3	3	12	237	Ростовы. Москва перед нашествием французов. Сборы Ростовых к выезду из Москвы	Война
3	3	13	238	Наташа во время сборов к отъезду. Обоз раненых. Наташа выхлопатывает разрешение раненым остановиться в их доме	Мир
3	3	14	239	Укладка вещей в доме Ростовых. Деятельность Наташи по укладке вещей. Коляска с раненым князем Андреем останавливается в доме Ростовых	Мир
3	3	15	240	Последний день Москвы перед сдачей ее французам. Раненые просят графа Илью Андреевича взять их на подводы. Объяснение по этому поводу между графом и графиней	Мир
3	3	16	241	Приезд к Ростовым Берга. Вспышка Наташи против матери за подводы под раненых. Свалка вещей и размещение раненых	Мир
3	3	17	242	Отъезд Ростовых. Коляска с раненым Андреем Болконским в обозе Ростовых. Встреча Ростовых с Пьером, наряженным в кучерской кафтан	Мир
3	3	18	243	Пьер после своего возвращения из Можайска в Москву испытывает чувство спутанности и безнадежности. Исчезновение его из дому. Пьер поселяется в квартире вдовы масона Баздеева	Мир
3	3	19	244	Оставление русскими войсками Москвы. Наполеон на Поклонной горе смотрит на Москву и тщетно ждет депутации «бояр»	Война
3	3	20	245	Опустевшая Москва — сравнение ее с опустевшим ульем	Война
3	3	21	246	Движение русских войск через оставляемую Москву. Грабеж лавок. Давка на Москворецком мосту	Война
3	3	22	247	В опустевшем доме Ростовых. Мавра Кузьминишна дает офицеру двадцатипятирублевую ассигнацию	Война
3	3	23	248	Москва перед вступлением неприятеля. Уличные сцены. Гульба фабричных. Драка кузнецов с целовальником. Шествие толпы по улице. Чтение в толпе Растопчинской афиши. Сцена с полицмейстером	Война
3	3	24	249	Рассуждения автора о деятельности Растопчина в Москве. Растопчин недовольный и раздраженный Кутузовым и всем ходом дел отдает последние распоряжения	Война
3	3	25	250	Толпа у дома Растопчина. Растопчин выводит Верещагина и отдает его на растерзание толпы. Отъезд Растопчина в Сокольники. Мысли и настроение графа. Погоня сумасшедшего за коляской Растопчина. Разговор Растопчина с Кутузовым о сдаче Москвы	Война
3	3	26	251	Вступление французских войск в Москву. Эпизод защиты кучкой русских Кремля. Размещение французского войска в городе. Грабежи. Мародерство. Пожар Москвы и его причины	Война
3	3	27	252	Настроение Пьера во время пребывания его на квартире Баздеева. Мысли об убийстве Наполеона. Приход в комнату к Пьеру пьяного Макара Алексеевича	Война
3	3	28	253	Появление в доме Баздеева капитана Рамбаля. Пьер спасает его от выстрела полусумасшедшего Макара Алексеевича. Разговор Пьера с французом	Война
3	3	29	254	Пьер за ужином с Рамбалем. Рассказ Рамбаля о своих любовных похождениях. Откровенные речи Пьера о себе	Война
3	3	30	255	Обоз Ростовых на ночлеге в Мытищах. Зарево пожара Москвы	Война
3	3	31	256	Толки Ростовых о пожаре Москвы. Настроение Наташи после того, как она узнала о ране князя Андрея и о его присутствии с ними в обозе. Свидание Наташи с раненым князем Андреем	Война
3	3	32	257	Князь Андрей. Описание его болезни после ранения. Нравственный переворот Болконского. Свидание с Наташей. Наташа ухаживает за раненым князем Андреем	Мир
3	3	33	258	Пьер бродит по улицам Москвы. Спасение им из горящего дома ребенка	Война
3	3	34	259	Пьер ищет мать спасенной им девочки. Французские солдаты грабят армянское семейство. Заступничество Пьера за красавицу-армянку. Французский разъезд забирает Пьера под стражу	Война
4	1	1	260	Петербург. Борьба политических партий высших светских кругов. Вечер в салоне А. П. Шерер 26 августа — в день Бородинского сражения. Толки о болезни Элен. Чтение князем Василием письма митрополита Платона к Александру I	Мир
4	1	2	261	Получение в Петербурге донесения Кутузова о Бородинском сражении, истолкованного, как победа. Праздничное настроение в городе. Отсутствие дальнейших известий. Недовольство в придворных кругах Кутузовым. Скоропостижная смерть Элен Безуховой. Известие о сдаче Москвы французам. Донесение Растопчина об оставлении Москвы. Рескрипт Александра I Кутузову с выражением недовольства по поводу его действий	Мир
4	1	3	262	Приезд в Петербург полковника Мишо, посланного от Кутузова с официальным известием об оставлении Москвы. Разговор Александра I с Мишо и его слова о непримиримой борьбе с Наполеоном до конца.	Война
4	1	4	263	Рассуждение автора о том, что в критические периоды, переживаемые страной, большая часть людей не обращает внимания на общий ход дел, а живет частной жизнью и руководится только личными интересами настоящего. Соответственное настроение Николая Ростова, который командируется из армии в Воронеж. Николай удачно покупает лошадей для своего полка. Вечер у губернатора. Успех Ростова в губернском обществе	Мир
4	1	5	264	Ухаживания Николая за блондинкой — женой губернского чиновника. Знакомство Ростова с Мальвинцевой — теткой княжны Марьи Болконской. Разговор губернаторши с Николаем о княжне Марье и ее предложение сосватать его. Согласие Николая	Мир
4	1	6	265	Княжна Марья с племянником живет у тетки в Воронеже. Настроение княжны Марьи. Ее встреча с Ростовым. Взаимная заинтересованность и начало сближения между Николаем и княжной Марьей	Мир
4	1	7	266	Княжна Марья и Николай Ростов после получения в Воронеже известия о Бородинском сражении, об оставлении Москвы и о ранении князя Андрея. Встреча Николая с княжной Марьей во время молебствия в соборе. Мысли Николая о княжне Марье и Соне. Душевная запутанность при воспоминании об обещании, данном Соне. Молитва Ростова о развязке с Соней. Неожиданное получение Николаем писем от родных: от Сони с отказом от его обещания жениться на ней, и от матери с известием о пожаре Москвы, о погибели их состояния и о здоровье едущего вместе с ними князя Андрея	Мир
4	1	8	267	Обстоятельства, вызвавшие письмо Сони к Николаю. Старая графиня со слезами просит Соню разорвать свои связи с Николаем. Жизнь Сони в доме Ростовых. Наташа сообщает Соне, что у нее с князем все по-старому. Радостное чувство Сони — если Наташа выйдет замуж за князя Андрея, Николаю нельзя будет жениться на княжне Марье. Соня видит исполнение своего святочного гаданья о князе Андрее. Письмо Сони	Мир
4	1	9	268	Первые дни пребывания Пьера в плену. Допрос в комиссии. В ожидании решения маршала Пьера, с 13 другими обвиняемыми, помещают в каретном сарае у Крымского брода	Война
4	1	10	269	Пьера вместе с другими пленными ведут на Девичье поле. Вид московского пожарища. Пьер чувствует себя ничтожной песчинкой, попавшей в колеса правильно действующей машины. Допрос Пьера маршалом Даву. Пьера подозревают в шпионстве. Момент человеческого отношения Даву к Пьеру. Неясность для Пьера результата его допроса Даву	Война
4	1	11	270	Пленных ведут к месту казни. Сцена расстрела. Переживания Пьера. Пьер не сразу понимает, что он спасен	Война
4	1	12	271	Пьер в бараке военнопленных. Душевное состояние Пьера после казни. Встреча Пьера с Платоном Каратаевым. Первое впечатление и разговор с ним. Рассказ Каратаева о себе	Война
4	1	13	272	Характеристика Платона Каратаева	Война
4	1	14	273	Отъезд княжны Марьи из Воронежа в Ярославль к раненому князю Андрею. Чувство любви княжны Марьи к Николаю Ростову и уверенность, что она любима им. Горе княжны Марьи о брате. Приезд в Ярославль и прием у Ростовых. Встреча с Наташей. Мгновенное сближение княжны Марьи и Наташи во время их разговора о князе Андрее	Мир
4	1	15	274	Встреча княжны Марьи с братом. Ее тяжелое впечатление от этой встречи. Общая мысль, что князь Андрей уходит из жизни. Свидание Николушки с отцом и его настроение после этого свидания	Мир
4	1	16	275	Князь Андрей чувствует, что он умирает. Сознание отчужденности от жизни. Его любовь к Наташе. Сон князя Андрея. Перемена в его физическом состоянии. Смерть.	Мир
4	2	1	276	Рассуждение автора о причинах исторических событий. Краткий обзор действий русских войск после оставления Москвы до позиции у Тарутина	Война
4	2	2	277	Знаменитый фланговый марш русских войск. Рассуждение автора по поводу этого марша и роли Кутузова. Письмо Наполеона к Кутузову и посылка Лористона. Ответ Кутузова. Изменение в отношении сил русского и французского войск	Война
4	2	3	278	Попытка управлять русской армией из Петербурга: план всей войны, присылка новых лиц, перемещения в штабе. Сложная игра партий в штабе армии. Письмо Александра I к Кутузову с требованием наступления	Война
4	2	4	279	Записка Бенигсена о необходимости наступления. Диспозиция Тарутинского сражения и ее исполнение. Бал у генерала Кикина, на котором присутствуют все важные генералы армии	Война
4	2	5	280	Кутузов из Леташевки едет к месту сражения и по пути замечает колонны, которые должны были быть в засаде. Вспышка гнева Кутузова по поводу неудавшегося движения	Война
4	2	6	281	Наступление русских войск на другой день. Движение колонн. Отряд Орлова-Денисова и его успешная атака французов. Упущенный случай захватить в плен Мюрата. Путаница при движении пехотных колонн, зашедших не туда куда нужно. Стычка Толя с Багговутом	Война
4	2	7	282	Движение колонн под начальством Кутузова. Отношение главнокомандующего к наступлению. Награды за Тарутинское сражение. Рассуждение автора о результатах Тарутинского сражения	Война
4	2	8	283	Анализ деятельности Наполеона со времени вступления его в Москву	Война
4	2	9	284	Действия Наполеона по водворению порядка в армии и в Москве. Его воззвание к жителям Москвы	Война
4	2	10	285	Бесплодность мероприятий Наполеона: плана дальнейшей кампании, дипломатических шагов, административных мер, устройства торговли, театров и т. д. Упадок дисциплины во французской армии. Донесение начальников о грабежах и мародерстве. Распад и гибель французской армии во время пребывания в Москве. Ее бегство из Москвы с награбленным добром после Тарутинского сражения	Война
4	2	11	286	Пьер в плену. Сборы французов к выступлению из Москвы. Дружеский разговор французского капрала с Пьером. Платон Каратаев шьет рубашку французскому солдату	Война
4	2	12	287	Описание внутренней перемены в Пьере, происшедшей с ним в плену. Его успокоение и согласие с самим собою, после пережитого им ужаса смерти, лишений, понимания Каратаева. Отношение к Пьеру французов и пленных	Война
4	2	13	288	Выступление французов из Москвы. Пьер вновь ощущает действие таинственной силы. Партия пленных. Вид Москвы после пожара	Война
4	2	14	289	Шествие партии пленных по улицам Москвы. Движение выступающих французских войск. Теснота, давка, беспорядок и путаница. Дорожные сценки. Озлобление французов. Первый ночлег пленных. Размышления Пьера	Война
4	2	15	290	Присылка Наполеоном к Кутузову нового парламентера с предложением мира и вторичный отрицательный ответ Кутузова. Посылка отряда Дохтурова в Фоминское для действий против дивизии Брусье. Дохтуров натыкается на всю французскую армию, вышедшую из Москвы, и посылает об этом донесение главнокомандующему.	Война
4	2	16	291	Приезд посланного Дохтуровым офицера в главный штаб русской армии. Разговор Болховитинова с Щербининым и Коновницыным. Характеристика Коновницына	Война
4	2	17	292	Кутузов ночью во время бессонницы. Его мысли о неразрешенном вопросе, смертельна или не смертельна рана, нанесенная французам в Бородине. Приход к нему Толя, Коновницына и Болховитинова. Волнение и слезы Кутузова при известии о выходе французской армии из Москвы, означавшем перелом войны	Война
4	2	18	293	Деятельность Кутузова, направленная на предотвращение бесполезных наступлений русских войск против гибнущего врага. Причины гибели Наполеоновской армии. У Малоярославца Наполеон едва не попадает в плен к казакам. Приказ Наполеона об отступлении по Смоленской дороге	Война
4	2	19	294	Беспорядочное бегство французской армии к Смоленску по разоренной ими смоленской дороге. Дальнейшее разложение французской армии. Стремление русских военноначальников загородить путь бегущим французам. Кутузов и его план — не мешать гибельному бегству Наполеоновской армии	Война
4	3	1	295	Рассуждения автора о народном характере войны 1812 г.	Война
4	3	2	296	Партизанская война, как один из способов ведения народной войны. Рассуждение о силе войска	Война
4	3	3	297	Партизанская война в 1812 году. Партизанские отряды Денисова и Долохова готовятся к нападению на большой французский транспорт кавалерийских вещей и русских пленных	Война
4	3	4	298	Денисов с своими партизанами. Приезд в отряд Денисова Пети Ростова с предложением от немца-генерала соединиться с ним для нападения на французский транспорт. Радостная встреча Пети с Денисовым. Петя остается в отряде	Война
4	3	5	299	Денисов, Петя и эсаул едут высматривать французов и встречать Долохова. Лазутчик Тихон Щербатый. Стрельба по нем французов. Его характеристика	Война
4	3	6	300	Разговор Денисова с Тихоном о «языке». Рассказ Тихона, как он брал в плен француза	Война
4	3	7	301	Служба Пети Ростова офицером. Посылка его в отряд Денисова. Обед в лесной караулке. Восторженное настроение Пети. Интерес Пети к пленному французскому мальчику барабанщику	Война
4	3	8	302	Приезд Долохова. Разговор Денисова с Долоховым о предстоящем деле и пленных французах. Намерение Долохова съездить для разведки переодетым в лагерь французов. Петя несмотря на отговоры Денисова вызывается ехать с Долоховым	Война
4	3	9	303	Долохов с Петей в лагере французов. Разговор Долохова с французскими офицерами. Волнение Пети. Их благополучное возвращение	Война
4	3	10	304	Возвращение Пети Ростова в отряд Денисова. Петя от волнения не спит и заводит разговор с казаком, который точит ему саблю. Полудремота Пети под звук точильного бруска, кажущийся ему оркестром стройной, торжественной музыки. Рассвет.	Война
4	3	11	305	Выступление отряда Денисова. Нападение на французское депо и обоз. Петя в самозабвении бросается вперед. Залп французов. Смерть Пети. Захват транспорта и партии русских пленных; в числе пленных Пьер Безухов	Война
4	3	12	306	Пьер с партией пленных во время движения французов от Москвы к Смоленску. Платон Каратаев снова заболевает лихорадкой. Переживания и настроение Пьера Безухова	Война
4	3	13	307	Пьер вспоминает рассказ Каратаева на предыдущем ночном привале о купце, невинно попавшем в Сибирь и умершем там после того, как выяснилась его невинность	Война
4	3	14	308	Проезд мимо депо и пленных французского маршала. Платон Каратаев отстал и был пристрелен французами	Война
4	3	15	309	Ночевка депо, обоза и пленных у Шамшева. Сон Пьера, в котором события действительности соединяются с сновидениями: мысли о жизни, шар из живых движущихся капель, Каратаев. Освобождение Пьера из плена	Война
4	3	16	310	Рассуждения автора о гибельных последствиях бегства французской армии. Донесение Бертье Наполеону о положении армии	Война
4	3	17	311	Анализ действий русского и французского войск в последний период войны. Бегство французской армии	Война
4	3	18	312	Полемика автора с историками, усматривавшими в беспорядочном и бессмысленном бегстве французов глубокомысленные планы-маневры Наполеона и его маршалов	Война
4	3	19	313	Рассуждения автора о цели русских в последний период кампании 1812 года	Война
4	4	1	314	Настроение Наташи и княжны Марьи после смерти князя Андрея. Одиночество Наташи и ее отчуждение от людей и жизни. Мысли о князе Андрее	Мир
4	4	2	315	Известие о смерти Пети. Горе графини. Наташа утешает мать	Мир
4	4	3	316	Ухаживая за матерью, Наташа возвращается к жизни. Тесная дружба Наташи с княжной Марьей. Ее отъезд с княжной Марьей в Москву к докторам	Мир
4	4	4	317	Движение русских войск за французами. Деятельность Кутузова, направленная на облегчение движения своих войск и на то, чтобы содействовать бегству французов, а не останавливать их. Противоположные стремления других русских генералов. Красненские сражения. Обвинения против Кутузова, якобы мешавшего победить Наполеона	Война
4	4	5	318	Оценка деятельности и исторического значения Кутузова как руководителя народной войны	Война
4	4	6	319	Кутузов под Красным. Его речь к войску с неожиданным окончанием	Война
4	4	7	320	Ночлег Мушкатерского полка на открытом биваке у Красного. Солдаты тащат плетень к костру	Война
4	4	8	321	Солдатские сцены и разговоры у костра в восьмой роте	Война
4	4	9	322	У костра пятой роты. Появление из лесу Рамбаля и его денщика. Ласковое обращение с ними русских солдат. Морель поет песенку о Генрихе IV. Веселый хохот солдат.	Война
4	4	10	323	Березинская переправа. Неудача петербургского березинского плана. Усиление придворных и штабных интриг против Кутузова. Недовольство им при дворе и в среде начальников армии. Кутузов отсылает из армии Бенигсена. Приезд в армию великого князя Константина Павловича показывает Кутузову, что его роль кончена. Кутузов в Вильне. Эпизод с Чичаговым. Приезд в Вильну Александра I. Недовольство царя фельдмаршалом. Награждение Кутузова Георгием 1-ой степени	Война
4	4	11	324	Обед и бал у фельдмаршала. Недовольство царя Кутузовым при внешних знаках милости к нему. Несоответствие Кутузова новым задачам европейской войны. Незаметное устранение его от руководства армией. Смерть	Мир
4	4	12	325	Пьер Безухов после освобождения из плена. Его долгая болезнь в Орле. Выздоровление. Радостное сознание свободы. Мучительный вопрос о цели жизни заменяется для Пьера верой в бога	Мир
4	4	13	326	Пьер ощущает большую внутреннюю перемену в себе. Новый взгляд его на жизнь к на людей. Отношение к княжне, слугам, пленному офицеру-итальянцу, масону Вилларскому. Решение Пьера ехать в Москву для устройства своих дел	Мир
4	4	14	327	Описание возрождения Москвы после ухода врага и пожара	Мир
4	4	15	328	Приезд Пьера в Москву. Его визит к княжне Марье. Неожиданная встреча с Наташей, которую он не сразу узнает. Пробуждение в Пьере любви к Наташе	Мир
4	4	16	329	Разговор княжны Марьи, Пьера и Наташи о князе Андрее. Рассказ Наташи о встрече с раненым князем Андреем и о своих переживаниях во время его болезни и смерти	Мир
4	4	17	330	За ужином. Рассказ Пьера о своем плене. Растущая близость между Пьером и Наташей. Разговор княжны Марьи и Наташи о Пьере	Мир
4	4	18	331	Настроение Пьера после его свидания с Наташей. Любовь к ней и решение жениться. Пьер откладывает свою поездку в Петербург и ежедневно бывает в доме княжны Марьи. Пьер рассказывает княжне о своих чувствах к Наташе и просит ее посредничества	Мир
4	4	19	332	Радостное настроение Пьера после его объяснения с княжной Марьей и Наташей	Мир
4	4	20	333	Перемена, происшедшая в Наташе, после появления Пьера. Проснувшаяся в ней сила жизни и надежды на счастье. Объяснение Наташи с княжной Марьей о сватовстве Пьера	Мир
Эпилог	1	1	334	Рассуждения автора о движущих силах истории в связи с ролью Александра I и Наполеона	Мир
Эпилог	1	2	335	Рассуждения о случае и гении	
Эпилог	1	3	336	Рассуждения о причинах движения европейских народов с запада на восток и с востока на запад. О случайной роли Наполеона в этих движениях	Война
Эпилог	1	4	337	О прекращении движения народов с запада на восток. Конец случайной роли Наполеона. Александр I и его роль в движении масс с востока на запад. Мысли о роли личности в служении общим целям	Война
Эпилог	1	5	338	Свадьба Пьера и Наташи. Смерть старого графа Ростова: Разорение Ростовых. Николай Выходит в отставку, поступает на гражданскую службу и с трудом содержит мать и Соню	Мир
Эпилог	1	6	339	Приезд в Москву княжны Марьи. Ее визит Ростовым. Встреча с Николаем. Его отчужденность от нее. Огорчение княжны Марьи. Ответный визит Николая. Объяснение княжны Марьи с Николаем	Мир
Эпилог	1	7	340	Женитьба Николая на княжне Марье и жизнь в Лысых Горах. Хозяйство Николая.	Мир
Эпилог	1	8	341	Семейная жизнь Николая. Объяснение с княжной Марьей по поводу вспыльчивости и избиения старосты. Положение Сони в доме. Характеристика, данная Соне Наташей	Мир
Эпилог	1	9	342	Канун зимнего Николина дня 1820 г. в Лысых Горах. Николай и княжна Марья. Их размолвка и примирение. Дети. Счастье княжны Марьи	Мир
Эпилог	1	10	343	Наташа замужем. Ее жизнь с мужем у брата в деревне. Перемена, происшедшая в наружности и характере Наташи. Отношения с Пьером	Мир
Эпилог	1	11	344	Наташа в ожидании приезда Пьера из Петербурга. Приезд Пьера. Оживление Наташи. Пьер и Наташа в детской	Мир
Эпилог	1	12	345	Семейные интересы обитателей Лысогорского дома. Подарки. Старая графиня Ростова.	Мир
Эпилог	1	13	346	Пьер с женой в гостиной. Разговор домашних с старой графиней о петербургских новостях. Пьер среди детей	Мир
Эпилог	1	14	347	Николенька Болконский. Денисов. Разговоры об общественных настроениях в Петербурге и положении дел в России. Возмущение реакцией и Аракчеевщиной. Мысли Пьера об обществе. Взгляды Николая Ростова и его резкое возражение Пьеру. Волнение Николеньки Болконского, вызванное спором взрослых	Мир
Эпилог	1	15	348	Николай и княжна Марья. Дневник княжны Марьи о детях. Восхищение Николая своей женой. Их разговор о споре в кабинете и Николеньке	Мир
Эпилог	1	16	349	Наташа и Пьер. Их разговор о детях, о споре с Николаем, о Платоне Каратаеве. Внутренние отношения Пьера и Наташи. Сон Николеньки Болконского. Мысли об отце и Пьере	Мир
Эпилог	2	1	350	Рассуждения автора об изучении историками жизни человечества	Мир
Эпилог	2	2	351	О силе, которая движет и управляет народами. Полемика с историками, понимающими эту силу, как власть, присущую героям	Мир
Эпилог	2	3	352	Рассуждения о силе, создающей исторические событий. Полемика с историками, пишущими истории отдельных лиц	Мир
Эпилог	2	4	353	Рассуждения о значении власти. Власть, как совокупность воль масс. Противоречия историков по вопросу о власти	Мир
Эпилог	2	5	354	Рассуждения автора о том, что «жизнь народов не вмещается в жизнь нескольких людей» и что власть исторических деятелей не может быть принята за причину исторических событий	Мир
Эпилог	2	6	355	Рассуждения об отношении приказаний к событиям и об их зависимости. Войско, как соединение людей для общей деятельности, и отношения в нем начальников и подчиненных	Мир
Эпилог	2	7	356	О связи исторических лиц с массами и совпадении всякого совершившегося события с желанием одного или нескольких людей. Определение власти и силы, производящей движение народов	Мир
Эпилог	2	8	357	О свободе воли. Зависимость воли человека от его характера и действующих на него мотивов	Мир
Эпилог	2	9	358	Предмет истории. Вопрос о свободе и необходимости	Мир
Эпилог	2	10	359	Свобода и необходимость	Мир
Эпилог	2	11	360	Определение историей свободы законами разума. Критика автором этого определения. Предмет истории — отыскание законов движения народов	Мир
Эпилог	2	12	361	О борьбе между старым и новым воззрением на историю. Закон необходимости в истории. Признание зависимости исторической личности от внешнего мира, времени и причин, как основа для выработки законов истории	Мир